,surveillance,deportation,data,risk,security
surveillance,0.13500169054403846,0.3224352383738207,0.2497626166563723,0.2115345457717766,0.08126590865399207
deportation,0.09856881668275308,0.03699810279747976,0.34232648880223204,0.23008814889514323,0.2920184428223917
data,0.010110167835692957,0.42036013793365784,0.36730661138455695,0.10044939940839481,0.10177368343769738
risk,0.10029002067118084,0.16574733049082313,0.3213467198018595,0.24968670918453162,0.16292921985160483
security,0.3187039809583632,0.10195966665634715,0.15066370295500167,0.2047938114583082,0.22387883797197983
